{
    "nproc": 10,
    "load_type": "dota2",
    "img_dirs": [
        "data/DOTA2_0/train/images/"
    ],
    "ann_dirs": [
        "data/DOTA2_0/train/labelTxt/"
    ],
    "classes": null,
    "prior_annfile": null,
    "merge_type": "addition",
    "sizes": [
        1024
    ],
    "gaps": [
        500
    ],
    "rates": [
        0.5, 1.0, 1.5
    ],
    "img_rate_thr": 0.6,
    "iof_thr": 0.7,
    "no_padding": false,
    "padding_value": [
        104, 116, 124
    ],
    "save_dir": "data/split_ms_dota2_0/train/",
    "save_ext": ".png"
}
